MMSI,timestamp,latitude,longitude,SOG,COG,ship_type,length,destination
111000001,2018-09-26 10:10:00,28.9700,-89.2500,12.4,135,Tanker,210,New Orleans
111000001,2018-09-26 10:20:00,28.9500,-89.2200,11.8,135,Tanker,210,New Orleans
111000001,2018-09-26 10:30:00,28.9300,-89.1850,10.2,135,Tanker,210,New Orleans
111000001,2018-09-26 10:40:00,28.9150,-89.1650,8.1,135,Tanker,210,New Orleans
111000001,2018-09-26 10:50:00,28.9050,-89.1500,7.4,135,Tanker,210,New Orleans
222000002,2018-09-26 10:10:00,28.8500,-89.1000,13.2,45,Cargo,180,Houston
222000002,2018-09-26 10:20:00,28.8750,-89.0800,13.0,45,Cargo,180,Houston
222000002,2018-09-26 10:30:00,28.9000,-89.0600,12.8,45,Cargo,180,Houston
222000002,2018-09-26 10:40:00,28.9250,-89.0400,12.5,45,Cargo,180,Houston
333000003,2018-09-26 10:10:00,28.9000,-89.2500,9.5,315,Tanker,195,Mobile
333000003,2018-09-26 10:20:00,28.9100,-89.2300,9.2,315,Tanker,195,Mobile
333000003,2018-09-26 10:30:00,28.9200,-89.2100,8.9,315,Tanker,195,Mobile
333000003,2018-09-26 10:40:00,28.9300,-89.1900,8.6,315,Tanker,195,Mobile
333000003,2018-09-26 10:50:00,28.9400,-89.1700,8.3,315,Tanker,195,Mobile
444000004,2018-09-26 10:20:00,29.0500,-89.0500,6.5,90,Service,95,Offshore
444000004,2018-09-26 10:30:00,29.0520,-89.0450,6.4,90,Service,95,Offshore
444000004,2018-09-26 10:40:00,29.0540,-89.0400,6.3,90,Service,95,Offshore
